{"cameraMode":{"drawMode":0,"name":"Shaded","section":"Shading Mode"},"sceneLighting":false,"audioPlay":false,"sceneViewState":{"showFog":true,"showMaterialUpdate":false,"showSkybox":true,"showFlares":true,"showImageEffects":true,"showParticleSystems":true},"in2DMode":false,"pivot":{"x":0.0,"y":1.1276003122329713,"z":-0.001491546630859375},"rotation":{"x":0.18221163749694825,"y":-0.02802356332540512,"z":0.0051927524618804459,"w":0.9828528165817261},"size":12.270551681518555,"orthographic":false}