{"cameraMode":{"drawMode":0,"name":"Shaded","section":"Shading Mode"},"sceneLighting":true,"audioPlay":false,"sceneViewState":{"showFog":true,"showMaterialUpdate":false,"showSkybox":true,"showFlares":true,"showImageEffects":true,"showParticleSystems":true},"in2DMode":false,"pivot":{"x":4.493544578552246,"y":3.5298662185668947,"z":-3.839217185974121},"rotation":{"x":-0.035951536148786548,"y":0.2549668550491333,"z":0.009486859664320946,"w":0.9662355780601502},"size":14.532428741455079,"orthographic":false}