{"cameraMode":{"drawMode":0,"name":"Shaded","section":"Shading Mode"},"sceneLighting":false,"audioPlay":false,"sceneViewState":{"showFog":true,"showMaterialUpdate":true,"showSkybox":true,"showFlares":true,"showImageEffects":true,"showParticleSystems":true},"in2DMode":false,"pivot":{"x":-0.015885651111602784,"y":1.220270037651062,"z":-0.060659050941467288},"rotation":{"x":0.5165297985076904,"y":-0.19163726270198823,"z":0.11985373497009278,"w":0.8258997797966003},"size":5.550729274749756,"orthographic":true}