{"cameraMode":{"drawMode":0,"name":"Shaded","section":"Shading Mode"},"sceneLighting":true,"audioPlay":false,"sceneViewState":{"showFog":true,"showMaterialUpdate":false,"showSkybox":true,"showFlares":true,"showImageEffects":true,"showParticleSystems":true},"in2DMode":false,"pivot":{"x":74.36125183105469,"y":309.64874267578127,"z":0.0},"rotation":{"x":0.2127077579498291,"y":-0.20490285754203797,"z":0.045671526342630389,"w":0.9542983770370483},"size":233.59368896484376,"orthographic":false}