{"cameraMode":{"drawMode":0,"name":"Shaded","section":"Shading Mode"},"sceneLighting":false,"audioPlay":false,"sceneViewState":{"showFog":true,"showMaterialUpdate":true,"showSkybox":true,"showFlares":true,"showImageEffects":true,"showParticleSystems":true},"in2DMode":false,"pivot":{"x":-0.016504347324371339,"y":1.2771635055541993,"z":-0.004434347152709961},"rotation":{"x":0.5165297985076904,"y":-0.19163726270198823,"z":0.11985373497009278,"w":0.8258997797966003},"size":6.163876533508301,"orthographic":true}