{"cameraMode":{"drawMode":0,"name":"Shaded","section":"Shading Mode"},"sceneLighting":true,"audioPlay":false,"sceneViewState":{"showFog":true,"showMaterialUpdate":true,"showSkybox":true,"showFlares":true,"showImageEffects":true,"showParticleSystems":true},"in2DMode":false,"pivot":{"x":0.04170447587966919,"y":-9.59375,"z":-24.89567756652832},"rotation":{"x":0.5909633040428162,"y":0.19198919832706452,"z":-0.14744028449058534,"w":0.7695215940475464},"size":87.27714538574219,"orthographic":false}