{"cameraMode":{"drawMode":0,"name":"Shaded","section":"Shading Mode"},"sceneLighting":false,"audioPlay":false,"sceneViewState":{"showFog":true,"showMaterialUpdate":true,"showSkybox":true,"showFlares":true,"showImageEffects":true,"showParticleSystems":true},"in2DMode":false,"pivot":{"x":-385.33917236328127,"y":246.4718780517578,"z":-370.5433044433594},"rotation":{"x":0.28654909133911135,"y":-0.3575919270515442,"z":0.11628429591655731,"w":0.8811943531036377},"size":58.03365707397461,"orthographic":true}