{"cameraMode":{"drawMode":0,"name":"Shaded","section":"Shading Mode"},"sceneLighting":false,"audioPlay":false,"sceneViewState":{"showFog":true,"showMaterialUpdate":false,"showSkybox":true,"showFlares":true,"showImageEffects":true,"showParticleSystems":true},"in2DMode":false,"pivot":{"x":-2.384185791015625e-7,"y":1.3064823150634766,"z":-0.0630331039428711},"rotation":{"x":0.2127077579498291,"y":-0.20490285754203797,"z":0.045671526342630389,"w":0.9542983770370483},"size":12.988764762878418,"orthographic":false}