{"cameraMode":{"drawMode":0,"name":"Shaded","section":"Shading Mode"},"sceneLighting":true,"audioPlay":false,"sceneViewState":{"showFog":true,"showMaterialUpdate":false,"showSkybox":true,"showFlares":true,"showImageEffects":true,"showParticleSystems":true},"in2DMode":false,"pivot":{"x":89.69788360595703,"y":240.24176025390626,"z":21.236249923706056},"rotation":{"x":0.07218305766582489,"y":-0.04188261553645134,"z":0.0030311441514641048,"w":0.9965115785598755},"size":210.50729370117188,"orthographic":false}